iso_week,week_start_date,weekly_revenue,tv_spend,paid_search_spend,social_spend,email_spend,display_spend,holiday_flag,black_friday_flag,competitor_index,avg_temperature
2016-W01,2016-01-04,49023.85,24733.17,18500.06,5144.18,1633.95,4410.58,0,0,1.0,23.5
2016-W02,2016-01-11,45042.94,42127.36,20988.59,12271.81,2280.25,6495.76,0,0,0.9662,23.5
2016-W03,2016-01-18,51748.7,63245.68,11669.99,10494.36,2490.19,10727.91,0,0,0.923,23.5
2016-W04,2016-01-25,53035.62,70706.54,11928.48,15482.85,3095.1,9932.02,0,0,0.9372,23.5
2016-W05,2016-02-01,46200.02,73964.36,12630.21,15443.29,3414.09,10930.11,0,0,0.9527,24.0
2016-W06,2016-02-08,49217.42,72114.57,12887.18,10466.62,3150.57,10370.01,1,0,1.0044,24.0
2016-W07,2016-02-15,55297.88,72111.58,16787.87,8230.09,1909.87,10550.14,0,0,1.0484,24.0
2016-W08,2016-02-22,54241.16,75891.55,15513.33,7705.3,2326.5,8488.85,0,0,1.0428,24.0
2016-W09,2016-02-29,56072.69,76902.32,10918.05,11929.52,4147.09,7419.33,0,0,0.9929,24.0
2016-W10,2016-03-07,62851.47,69263.86,14121.08,15183.66,3620.12,7531.72,0,0,0.9801,23.0
2016-W11,2016-03-14,71814.19,80010.54,16403.2,11981.89,3628.45,6568.75,0,0,0.9889,23.0
2016-W12,2016-03-21,72194.19,88930.6,11680.54,15588.03,3692.03,10544.95,1,0,0.9809,23.0
2016-W13,2016-03-28,69613.33,80056.4,19753.58,10693.07,3973.31,8390.21,0,0,0.9579,23.0
2016-W14,2016-04-04,75663.28,82120.2,11586.58,14684.94,1872.99,9305.51,0,0,0.9682,21.0
2016-W15,2016-04-11,73298.94,74655.66,20836.09,17296.34,2693.47,11008.78,0,0,0.9482,21.0
2016-W16,2016-04-18,67512.25,80703.76,12314.77,17095.4,3253.26,11556.02,1,0,0.9233,21.0
2016-W17,2016-04-25,74576.81,77117.31,19970.12,16423.13,2678.03,9674.92,1,0,0.9362,21.0
2016-W18,2016-05-02,68639.21,82170.57,21827.35,17273.09,4167.34,9243.77,0,0,0.9204,18.5
2016-W19,2016-05-09,79045.18,87059.29,23028.95,11230.45,3156.08,12203.53,0,0,0.9306,18.5
2016-W20,2016-05-16,75101.73,91314.45,21078.65,10106.44,3963.69,11318.82,0,0,0.9419,18.5
2016-W21,2016-05-23,75287.92,81074.94,20515.53,9041.96,4254.23,11849.42,0,0,0.8966,18.5
2016-W22,2016-05-30,73516.22,90072.69,18787.13,11653.03,3227.09,12562.62,0,0,0.8778,18.5
2016-W23,2016-06-06,84813.7,82655.16,20166.03,14622.72,4390.01,12122.46,0,0,0.936,17.0
2016-W24,2016-06-13,78215.56,73606.87,12639.53,14889.18,3480.87,8353.94,0,0,0.8898,17.0
2016-W25,2016-06-20,77626.04,77621.86,16328.75,16764.72,4224.87,9296.9,0,0,0.8057,17.0
2016-W26,2016-06-27,78995.14,76753.74,16619.99,11947.59,2733.02,6865.28,0,0,0.7322,17.0
2016-W27,2016-07-04,85023.59,85323.42,20783.86,14656.01,3133.1,9320.38,0,0,0.7347,16.5
2016-W28,2016-07-11,85081.02,90891.42,16671.17,11406.73,3250.89,11994.23,0,0,0.7372,16.5
2016-W29,2016-07-18,86386.06,84966.77,15121.75,10728.76,1977.48,10274.37,0,0,0.7339,16.5
2016-W30,2016-07-25,87536.53,93534.73,17943.02,13970.74,2794.53,9193.87,0,0,0.7838,16.5
2016-W31,2016-08-01,98892.45,86292.67,13889.01,17429.94,4391.74,6432.91,0,0,0.6779,17.5
2016-W32,2016-08-08,84561.83,85706.01,11760.57,15864.32,3612.08,11010.17,0,0,0.6954,17.5
2016-W33,2016-08-15,84930.13,80113.51,15498.61,10781.73,2213.12,7471.57,0,0,0.7594,17.5
2016-W34,2016-08-22,84073.69,89800.33,15327.46,13243.16,2627.22,5861.53,0,0,0.7154,17.5
2016-W35,2016-08-29,94118.95,81152.39,13089.96,9636.07,2206.17,6527.93,0,0,0.7017,17.5
2016-W36,2016-09-05,98534.35,72704.88,14373.64,14927.59,1684.78,5677.96,1,0,0.6731,19.0
2016-W37,2016-09-12,91682.93,74595.36,14552.75,15647.66,4366.62,7717.99,0,0,0.6389,19.0
2016-W38,2016-09-19,88034.9,87064.26,14112.86,11644.09,3062.95,8797.82,0,0,0.6277,19.0
2016-W39,2016-09-26,89201.55,93778.53,14670.5,9391.4,2575.75,7954.66,0,0,0.6866,19.0
2016-W40,2016-10-03,100171.08,110603.21,23298.17,11412.13,3424.22,6916.33,0,0,0.7617,21.0
2016-W41,2016-10-10,102009.31,126646.02,18526.0,21141.16,1693.15,7007.72,1,0,0.7494,21.0
2016-W42,2016-10-17,101866.22,137955.61,27981.08,19192.34,2418.72,9086.48,0,0,0.8269,21.0
2016-W43,2016-10-24,94692.88,134634.68,28892.19,22058.64,3730.04,7384.23,0,0,0.8292,21.0
2016-W44,2016-10-31,102152.34,126222.15,22236.03,21551.23,3587.81,11570.9,1,0,0.9002,21.0
2016-W45,2016-11-07,123075.86,134015.88,18857.84,20631.52,4624.81,9352.47,0,0,0.897,22.0
2016-W46,2016-11-14,125443.86,136160.95,21581.46,15478.07,3592.31,9288.9,1,0,0.9027,22.0
2016-W47,2016-11-21,132671.74,129022.4,26874.76,22386.7,3112.13,9957.06,1,1,0.9178,22.0
2016-W48,2016-11-28,128534.4,115649.68,24611.58,17929.72,3939.9,10359.54,0,0,1.0454,22.0
2016-W49,2016-12-05,150939.39,125858.46,26640.25,19245.68,4406.98,7388.3,0,0,1.0792,23.0
2016-W50,2016-12-12,146520.97,118474.74,22706.5,21135.76,3882.44,7176.43,0,0,1.0505,23.0
2016-W51,2016-12-19,150578.63,133536.71,23679.49,21325.72,4583.76,12732.49,1,0,1.089,23.0
2016-W52,2016-12-26,155974.23,123204.82,18447.15,24664.94,4075.2,8215.62,1,0,1.0741,23.0
2017-W01,2017-01-02,80448.3,103698.53,19585.79,15053.49,4304.16,8924.47,0,0,1.0542,23.5
2017-W02,2017-01-09,88638.82,104211.22,13366.72,14088.22,2057.52,9060.58,0,0,1.0902,23.5
2017-W03,2017-01-16,88740.88,91013.54,18342.59,12867.56,3800.12,8169.77,0,0,1.091,23.5
2017-W04,2017-01-23,88716.75,82294.85,21080.02,12940.37,3010.27,8447.38,0,0,1.1017,23.5
2017-W05,2017-01-30,92180.92,84594.05,12747.24,10129.89,3309.83,10640.07,0,0,1.1018,23.5
2017-W06,2017-02-06,111647.93,91707.07,17284.64,9124.71,3627.8,11771.25,0,0,1.1147,24.0
2017-W07,2017-02-13,96091.71,83123.65,11733.85,9874.49,4590.84,8682.03,0,0,1.1311,24.0
2017-W08,2017-02-20,110543.25,79393.03,18468.66,10387.43,4683.28,7973.65,0,0,1.053,24.0
2017-W09,2017-02-27,92433.38,86123.21,11784.22,11578.2,2598.85,7245.68,1,0,1.0794,24.0
2017-W10,2017-03-06,121829.62,94722.78,20998.91,13519.18,3831.2,8415.17,0,0,1.0397,23.0
2017-W11,2017-03-13,127698.61,91320.77,12798.73,14484.7,3941.51,10044.86,0,0,0.9818,23.0
2017-W12,2017-03-20,133028.12,81802.49,21426.37,13088.37,2736.55,7885.22,0,0,0.9796,23.0
2017-W13,2017-03-27,135765.72,72540.47,20824.57,12505.61,2008.44,7744.24,0,0,0.983,23.0
2017-W14,2017-04-03,138157.13,70371.45,18247.87,10743.27,1723.26,11292.79,0,0,0.9554,21.0
2017-W15,2017-04-10,129234.8,66896.46,20128.67,13003.76,3918.19,7243.89,1,0,0.9889,21.0
2017-W16,2017-04-17,129728.61,75380.69,20560.68,11737.83,3165.01,8299.98,1,0,0.9352,21.0
2017-W17,2017-04-24,143835.24,70203.14,22436.43,8983.61,4614.87,10174.34,0,0,0.9193,21.0
2017-W18,2017-05-01,135485.25,74268.79,14406.06,10940.64,3125.66,7463.74,1,0,0.8963,18.5
2017-W19,2017-05-08,126571.2,80873.4,17241.82,12169.32,4590.03,5896.55,0,0,0.8949,18.5
2017-W20,2017-05-15,129501.29,83233.72,11726.86,10672.47,2964.23,5893.03,0,0,0.9066,18.5
2017-W21,2017-05-22,133195.54,77259.11,17153.02,12848.65,4029.26,10575.5,0,0,0.8668,18.5
2017-W22,2017-05-29,149090.57,85163.87,12628.45,13665.64,1955.92,6756.98,0,0,0.8964,18.5
2017-W23,2017-06-05,147269.61,88922.85,16673.67,15082.27,3264.18,6494.88,0,0,0.8994,17.0
2017-W24,2017-06-12,154709.13,92025.68,17370.22,15216.5,4069.39,5460.91,0,0,0.8243,17.0
2017-W25,2017-06-19,144890.82,82039.13,16197.35,15306.06,4477.57,5575.09,0,0,0.7468,17.0
2017-W26,2017-06-26,152838.41,74902.47,16701.18,12652.14,4191.63,8672.18,0,0,0.7476,17.0
2017-W27,2017-07-03,159685.16,85982.98,19672.26,15360.31,1820.49,7485.1,0,0,0.74,16.5
2017-W28,2017-07-10,151479.82,83139.65,20541.78,14537.28,2709.13,9035.06,0,0,0.7372,16.5
2017-W29,2017-07-17,161712.21,79216.73,16987.1,13266.26,1781.55,9703.44,0,0,0.7374,16.5
2017-W30,2017-07-24,151245.14,80223.39,17743.19,14314.6,1916.92,11492.82,0,0,0.7477,16.5
2017-W31,2017-07-31,156429.01,84413.66,21836.31,12611.1,3621.76,7050.93,0,0,0.7869,16.5
2017-W32,2017-08-07,158105.0,93202.03,12712.25,13146.35,3820.86,10588.04,0,0,0.7435,17.5
2017-W33,2017-08-14,150644.62,85970.34,11312.08,15152.19,4012.21,10420.53,0,0,0.6979,17.5
2017-W34,2017-08-21,172063.66,93675.41,10749.32,17152.1,4296.98,7623.65,0,0,0.6557,17.5
2017-W35,2017-08-28,162867.09,81069.98,17506.76,18229.3,3933.14,10305.9,0,0,0.6689,17.5
2017-W36,2017-09-04,170582.45,82852.94,15649.31,15320.78,4099.27,11740.01,1,0,0.7204,19.0
2017-W37,2017-09-11,178295.62,85676.56,19639.25,14290.51,1851.85,8634.59,0,0,0.7045,19.0
2017-W38,2017-09-18,180029.94,77091.54,19000.67,16115.17,2296.2,11534.87,0,0,0.6059,19.0
2017-W39,2017-09-25,184910.03,71770.87,14853.75,12961.67,3480.5,9763.95,0,0,0.5398,19.0
2017-W40,2017-10-02,177580.98,85313.04,26642.58,20163.35,4248.4,11693.07,0,0,0.5087,21.0
2017-W41,2017-10-09,175610.03,111206.09,26291.89,19199.73,1725.92,15227.44,1,0,0.5,21.0
2017-W42,2017-10-16,182135.09,118225.54,18564.13,14577.49,3130.18,11791.13,0,0,0.5,21.0
2017-W43,2017-10-23,163473.8,133248.57,18866.01,12238.06,3688.37,13975.59,0,0,0.5,21.0
2017-W44,2017-10-30,168602.0,139904.83,18135.17,19925.55,1773.24,11029.45,1,0,0.5,21.0
2017-W45,2017-11-06,206749.18,134454.83,15579.02,14192.58,2792.73,13604.41,0,0,0.514,22.0
2017-W46,2017-11-13,214498.48,140161.28,15042.27,14419.88,4326.54,13017.05,1,0,0.5,22.0
2017-W47,2017-11-20,239910.49,121148.0,27259.93,15110.21,3731.17,9928.63,1,1,0.5,22.0
2017-W48,2017-11-27,221225.98,110577.92,21320.29,13581.62,2399.53,10330.22,0,0,0.5,22.0
2017-W49,2017-12-04,261810.54,124787.4,19577.83,14548.25,4178.32,9747.84,0,0,0.5,23.0
2017-W50,2017-12-11,296929.38,133755.69,24719.77,19737.46,2753.01,7747.56,0,0,0.5,23.0
2017-W51,2017-12-18,268592.25,123108.21,22734.66,13659.43,4197.68,6685.41,0,0,0.5,23.0
2017-W52,2017-12-25,293180.01,124598.83,28413.98,20328.11,2606.72,8688.48,1,0,0.5,23.0
2018-W01,2018-01-01,156274.55,114339.5,21625.72,18983.63,3401.3,6155.17,1,0,0.5091,23.5
2018-W02,2018-01-08,166786.74,112392.43,16996.29,14571.54,2860.89,6147.24,0,0,0.5,23.5
2018-W03,2018-01-15,159873.85,105736.84,15065.76,11057.52,2467.52,9502.63,0,0,0.5717,23.5
2018-W04,2018-01-22,169217.11,97267.22,22099.44,13229.73,4283.05,10574.47,0,0,0.5648,23.5
2018-W05,2018-01-29,185741.81,90570.74,19928.04,10249.27,2276.93,11132.55,0,0,0.5159,23.5
2018-W06,2018-02-05,165828.62,86917.16,22403.54,11019.06,1868.28,8799.31,0,0,0.5211,24.0
2018-W07,2018-02-12,196720.13,88880.63,12782.27,16075.06,2619.19,11419.88,1,0,0.5,24.0
2018-W08,2018-02-19,196434.72,94566.25,20123.75,18393.74,3783.88,10559.94,0,0,0.5,24.0
2018-W09,2018-02-26,187418.76,90274.32,18663.45,17534.33,4111.49,7452.14,0,0,0.5,24.0
2018-W10,2018-03-05,209269.54,83148.81,12262.58,13501.43,4701.8,6470.56,0,0,0.5,23.0
2018-W11,2018-03-12,236839.08,77937.42,16898.48,14901.89,2624.18,9423.27,0,0,0.5,23.0
2018-W12,2018-03-19,229654.44,84476.48,18767.93,15604.01,2855.03,7335.81,0,0,0.5162,23.0
2018-W13,2018-03-26,245304.59,90464.91,10962.82,13344.34,2053.22,8611.29,1,0,0.5649,23.0
2018-W14,2018-04-02,244660.87,80431.0,15096.24,14464.84,3327.28,11964.6,0,0,0.6245,21.0
2018-W15,2018-04-09,274957.55,72632.88,20169.23,9871.76,4659.1,7211.65,0,0,0.6476,21.0
2018-W16,2018-04-16,246028.58,77731.69,14569.69,9621.16,3835.6,5623.56,1,0,0.7039,21.0
2018-W17,2018-04-23,235098.29,72335.65,15688.03,12049.17,3477.42,10926.75,0,0,0.6302,21.0
2018-W18,2018-04-30,259515.33,82128.24,15660.97,10129.68,2850.98,10332.2,1,0,0.6193,21.0
2018-W19,2018-05-07,263387.66,78696.46,13972.27,9379.13,4388.45,7377.73,0,0,0.5865,18.5
2018-W20,2018-05-14,287501.95,72964.96,21117.14,14442.08,3210.17,10966.02,0,0,0.5933,18.5
2018-W21,2018-05-21,281225.68,84494.88,20543.1,17689.9,2063.61,12120.39,0,0,0.5725,18.5
2018-W22,2018-05-28,275618.76,77457.05,12408.53,15523.71,2699.32,10459.34,0,0,0.568,18.5
2018-W23,2018-06-04,300024.0,74914.34,21825.69,16922.04,1836.47,10391.52,0,0,0.6455,17.0
2018-W24,2018-06-11,252513.32,70512.3,21824.25,18691.39,2197.76,8276.16,0,0,0.6404,17.0
2018-W25,2018-06-18,266274.63,66668.41,14680.54,12609.32,1662.89,6199.77,0,0,0.6588,17.0
2018-W26,2018-06-25,263824.79,62090.85,20244.84,12629.69,2942.98,8737.33,0,0,0.6512,17.0
2018-W27,2018-07-02,277738.13,59571.5,12313.76,12192.46,3550.77,7826.6,0,0,0.656,16.5
2018-W28,2018-07-09,261128.19,60192.88,21836.32,9517.38,2707.42,9721.03,0,0,0.6579,16.5
2018-W29,2018-07-16,305468.03,58202.66,19263.66,13849.59,2896.52,11419.83,0,0,0.6776,16.5
2018-W30,2018-07-23,291391.21,67564.74,18691.05,13010.07,4522.45,7105.9,0,0,0.7258,16.5
2018-W31,2018-07-30,268726.38,75909.61,11888.95,12958.64,3982.01,9061.35,0,0,0.7931,16.5
2018-W32,2018-08-06,281631.81,76009.33,20547.74,10388.84,3321.67,7559.16,0,0,0.8065,17.5
2018-W33,2018-08-13,313579.58,74566.35,11430.16,9602.95,2519.71,10889.04,0,0,0.831,17.5
2018-W34,2018-08-20,328769.5,77286.97,12604.46,15098.01,4316.98,8333.15,0,0,0.7859,17.5
